{
  "types": {
    "wood_type": {
      "architects_palette.twisted": true,
      "betterend.mossy_glowshroom": true,
      "betterend.pythadendron": true,
      "betterend.end_lotus": true,
      "betterend.lacugrove": true,
      "betterend.dragon_tree": true,
      "betterend.tenanea": true,
      "betterend.helix_tree": true,
      "betterend.umbrella_tree": true,
      "betterend.jellyshroom": true,
      "betterend.lucernia": true,
      "blockus.white_oak": true,
      "blockus.legacy": true,
      "byg.aspen": true,
      "byg.baobab": true,
      "byg.blue_enchanted": true,
      "byg.bulbis": true,
      "byg.cherry": true,
      "byg.cika": true,
      "byg.cypress": true,
      "byg.ebony": true,
      "byg.ether": true,
      "byg.fir": true,
      "byg.green_enchanted": true,
      "byg.holly": true,
      "byg.imparius": true,
      "byg.lament": true,
      "byg.jacaranda": true,
      "byg.mahogany": true,
      "byg.white_mangrove": true,
      "byg.maple": true,
      "byg.nightshade": true,
      "byg.palm": true,
      "byg.pine": true,
      "byg.rainbow_eucalyptus": true,
      "byg.redwood": true,
      "byg.skyris": true,
      "byg.willow": true,
      "byg.witch_hazel": true,
      "byg.zelkova": true,
      "byg.sythian": true,
      "garnished.sepia": true,
      "garnished.nut": true,
      "luphieclutteredmod.luphie_flowering_pink": true,
      "luphieclutteredmod.luphie_yellow": true,
      "luphieclutteredmod.luphie_flowering_yellow": true,
      "luphieclutteredmod.luphie_green": true,
      "luphieclutteredmod.luphie_glow": true,
      "luphieclutteredmod.luphie_purple": true,
      "luphieclutteredmod.luphie_flowering_purple": true,
      "luphieclutteredmod.luphie_pink": true,
      "spectrum.white": true,
      "spectrum.orange": true,
      "spectrum.magenta": true,
      "spectrum.light_blue": true,
      "spectrum.yellow": true,
      "spectrum.lime": true,
      "spectrum.pink": true,
      "spectrum.gray": true,
      "spectrum.light_gray": true,
      "spectrum.cyan": true,
      "spectrum.purple": true,
      "spectrum.blue": true,
      "spectrum.brown": true,
      "spectrum.green": true,
      "spectrum.red": true,
      "spectrum.black": true
    },
    "leaves_type": {
      "architects_palette.twisted": true,
      "betterend.pythadendron": true,
      "betterend.lacugrove": true,
      "betterend.dragon_tree": true,
      "betterend.tenanea": true,
      "betterend.lucernia": true,
      "blockus.white_oak": true,
      "blockus.legacy": true,
      "byg.araucaria": true,
      "byg.flowering_baobab": true,
      "byg.ripe_baobab": true,
      "byg.blue_spruce": true,
      "byg.blooming_witch_hazel": true,
      "byg.brown_birch": true,
      "byg.brown_oak": true,
      "byg.brown_zelkova": true,
      "byg.flowering_orchard": true,
      "byg.flowering_palo_verde": true,
      "byg.holly_berry": true,
      "byg.indigo_jacaranda": true,
      "byg.flowering_jacaranda": true,
      "byg.flowering_indigo_jacaranda": true,
      "byg.joshua": true,
      "byg.flowering_joshua": true,
      "byg.ripe_joshua": true,
      "byg.orange_birch": true,
      "byg.orange_oak": true,
      "byg.orange_spruce": true,
      "byg.orchard": true,
      "byg.palo_verde": true,
      "byg.pink_cherry": true,
      "byg.red_birch": true,
      "byg.red_maple": true,
      "byg.red_oak": true,
      "byg.red_spruce": true,
      "byg.ripe_orchard": true,
      "byg.silver_maple": true,
      "byg.flowering_skyris": true,
      "byg.green_apple_skyris": true,
      "byg.white_cherry": true,
      "byg.yellow_birch": true,
      "byg.yellow_spruce": true,
      "byg.withering_oak": true,
      "byg.flowering_nightshade": true,
      "byg.firecracker": true,
      "byg.aspen": true,
      "byg.baobab": true,
      "byg.blue_enchanted": true,
      "byg.cika": true,
      "byg.cypress": true,
      "byg.ebony": true,
      "byg.ether": true,
      "byg.fir": true,
      "byg.green_enchanted": true,
      "byg.holly": true,
      "byg.lament": true,
      "byg.jacaranda": true,
      "byg.mahogany": true,
      "byg.white_mangrove": true,
      "byg.maple": true,
      "byg.nightshade": true,
      "byg.palm": true,
      "byg.pine": true,
      "byg.rainbow_eucalyptus": true,
      "byg.redwood": true,
      "byg.skyris": true,
      "byg.willow": true,
      "byg.witch_hazel": true,
      "byg.zelkova": true,
      "croptopia.cinnamon": true,
      "garnished.nut": true,
      "garnished.peanut": true,
      "garnished.walnut": true,
      "garnished.cashew": true,
      "garnished.macadamia": true,
      "garnished.pistachio": true,
      "garnished.almond": true,
      "garnished.pecan": true,
      "garnished.hazelnut": true,
      "spectrum.white": true,
      "spectrum.orange": true,
      "spectrum.magenta": true,
      "spectrum.light_blue": true,
      "spectrum.yellow": true,
      "spectrum.lime": true,
      "spectrum.pink": true,
      "spectrum.gray": true,
      "spectrum.light_gray": true,
      "spectrum.cyan": true,
      "spectrum.purple": true,
      "spectrum.blue": true,
      "spectrum.brown": true,
      "spectrum.green": true,
      "spectrum.red": true,
      "spectrum.black": true,
      "spectrum.spirit_sallow": true
    }
  },
  "entries": {
    "wood_type": {
      "chipped.fine_planks": true,
      "chipped.checkered_trapdoor": true,
      "chipped.overgrown_trapdoor": true,
      "chipped.overgrown_door": true,
      "chipped.windowed_door": true,
      "mcwfurnitures.stripped_glass_table": true,
      "architects_palette.board_stairs": true,
      "chipped.tiled_door": true,
      "chipped.classic_trapdoor": true,
      "chipped.circle_glass": true,
      "mcwfurnitures.stripped_desk": true,
      "chipped.pegged_planks": true,
      "chipped.torch": true,
      "chipped.secret_door": true,
      "chipped.smooth_planks": true,
      "chipped.screen_door": true,
      "chipped.bared_glass": true,
      "mcwfurnitures.end_table": true,
      "chipped.ornate_bared_glass": true,
      "chipped.hewn_planks": true,
      "mcwfurnitures.stool_chair": true,
      "chipped.crossed_planks": true,
      "another_furniture.planter_box": true,
      "mcwfurnitures.stripped_lower_triple_drawer": true,
      "mcwfurnitures.stripped_drawer_counter": true,
      "chipped.beach_door": true,
      "mcwfurnitures.bookshelf_drawer": true,
      "chipped.fine_vertical_planks": true,
      "chipped.cross_laced_planks": true,
      "chipped.diamond_bordered_glass": true,
      "mcwfurnitures.double_drawer": true,
      "mcwfurnitures.stripped_coffee_table": true,
      "chipped.railed_planks": true,
      "mcwfurnitures.stripped_counter": true,
      "chipped.planks_mosaic": true,
      "chipped.distorted_trapdoor": true,
      "mcwfurnitures.stripped_striped_chair": true,
      "chipped.iron_barred_trapdoor": true,
      "mcwfurnitures.covered_desk": true,
      "chipped.circle_glass_pane": true,
      "chipped.versailles_planks": true,
      "chipped.whirlwind_planks": true,
      "chipped.large_diamond_glass_pane": true,
      "mcwfurnitures.stripped_stool_chair": true,
      "mcwfurnitures.stripped_modern_wardrobe": true,
      "chipped.framed_planks": true,
      "chipped.square_glass": true,
      "chipped.vined_trapdoor": true,
      "decorative_blocks.seat": true,
      "chipped.barrel": true,
      "chipped.woven_glass": true,
      "farmersdelight.cabinet": true,
      "mcwfurnitures.cupboard_counter": true,
      "chipped.detailed_planks": true,
      "mcwfurnitures.stripped_covered_desk": true,
      "mcwfurnitures.coffee_table": true,
      "another_furniture.shutter": true,
      "mcwfurnitures.glass_table": true,
      "mcwfurnitures.stripped_cupboard_counter": true,
      "chipped.woven_trapdoor": true,
      "chipped.cobweb_trapdoor": true,
      "chipped.gated_door": true,
      "mcwfurnitures.stripped_triple_drawer": true,
      "mcwfurnitures.stripped_chair": true,
      "chipped.supported_door": true,
      "chipped.barred_trapdoor": true,
      "chipped.line_bared_glass_pane": true,
      "mcwfurnitures.stripped_double_drawer_counter": true,
      "chipped.horizontal_lined_glass_pane": true,
      "chipped.airy_trapdoor": true,
      "mcwfurnitures.stripped_modern_desk": true,
      "chipped.line_bared_glass": true,
      "chipped.slanted_planks": true,
      "chipped.barred_door": true,
      "mcwfurnitures.stripped_bookshelf_cupboard": true,
      "decorative_blocks.palisade": true,
      "mcwfurnitures.modern_wardrobe": true,
      "chipped.suspicious_trapdoor": true,
      "chipped.herringbone_planks": true,
      "mcwfurnitures.lower_bookshelf_drawer": true,
      "architects_palette.board_wall": true,
      "another_furniture.drawer": true,
      "chipped.pressed_door": true,
      "mcwfurnitures.striped_chair": true,
      "chipped.planks_panel": true,
      "chipped.vertically_railed_planks": true,
      "mcwfurnitures.stripped_large_drawer": true,
      "chipped.bared_glass_pane": true,
      "chipped.diamond_bordered_glass_pane": true,
      "chipped.solid_trapdoor": true,
      "mcwfurnitures.wardrobe": true,
      "chipped.tiled_planks": true,
      "chipped.boarded_door": true,
      "chipped.dual_paneled_door": true,
      "chipped.square_glass_pane": true,
      "another_furniture.shelf": true,
      "chipped.meshed_trapdoor": true,
      "chipped.thin_planks": true,
      "chipped.fancy_trapdoor": true,
      "decorative_blocks.beam": true,
      "decorative_blocks.support": true,
      "mcwfurnitures.modern_desk": true,
      "chipped.paper_door": true,
      "mcwfurnitures.stripped_lower_bookshelf_drawer": true,
      "chipped.warted_trapdoor": true,
      "mcwfurnitures.stripped_end_table": true,
      "architects_palette.railing": true,
      "chipped.basket_woven_planks": true,
      "chipped.enclosed_planks": true,
      "create.window_pane": true,
      "chipped.double_herringbone_planks": true,
      "another_furniture.bench": true,
      "mcwfurnitures.drawer": true,
      "chipped.crated_planks": true,
      "chipped.horizontal_lined_glass": true,
      "mcwfurnitures.stripped_bookshelf_drawer": true,
      "mcwfurnitures.stripped_bookshelf": true,
      "mcwfurnitures.modern_chair": true,
      "architects_palette.boards": true,
      "mcwfurnitures.chair": true,
      "mcwfurnitures.stripped_table": true,
      "chipped.natural_planks": true,
      "mcwfurnitures.double_drawer_counter": true,
      "chipped.classic_windowed_trapdoor": true,
      "chipped.brick_bond_planks": true,
      "chipped.wickered_planks": true,
      "chipped.bordered_glass_pane": true,
      "chipped.sliding_door": true,
      "chipped.heavy_trapdoor": true,
      "chipped.bordered_glass": true,
      "chipped.laced_planks": true,
      "chipped.boxed_planks": true,
      "chipped.reinforced_crate": true,
      "chipped.large_diamond_glass": true,
      "chipped.snowflake_glass_pane": true,
      "mcwfurnitures.drawer_counter": true,
      "chipped.bricky_planks": true,
      "chipped.slotted_trapdoor": true,
      "mcwfurnitures.counter": true,
      "mcwfurnitures.stripped_modern_chair": true,
      "mcwfurnitures.bookshelf_cupboard": true,
      "mcwfurnitures.table": true,
      "chipped.shack_door": true,
      "chipped.polished_planks": true,
      "chipped.ornate_bared_glass_pane": true,
      "chipped.diagonal_planks": true,
      "chipped.wall_torch": true,
      "create.window": true,
      "chipped.crate": true,
      "chipped.nailed_planks": true,
      "chipped.cornered_planks": true,
      "chipped.shifted_planks": true,
      "chipped.vertical_planks": true,
      "mcwfurnitures.desk": true,
      "chipped.glass_door": true,
      "chipped.fortified_door": true,
      "chipped.paneled_door": true,
      "mcwfurnitures.stripped_double_wardrobe": true,
      "chipped.leafy_trapdoor": true,
      "chipped.snowflake_glass": true,
      "architects_palette.board_slab": true,
      "mcwfurnitures.stripped_double_drawer": true,
      "chipped.heavy_door": true,
      "mcwfurnitures.triple_drawer": true,
      "chipped.pointless_trapdoor": true,
      "mcwfurnitures.lower_triple_drawer": true,
      "another_furniture.table": true,
      "chipped.stacked_planks": true,
      "chipped.planks_shavings": true,
      "chipped.twisted_trapdoor": true,
      "mcwfurnitures.bookshelf": true,
      "mcwfurnitures.stripped_wardrobe": true,
      "mcwfurnitures.large_drawer": true,
      "mcwfurnitures.double_wardrobe": true,
      "mcwfurnitures.stripped_drawer": true,
      "chipped.diamond_planks": true,
      "chipped.woven_glass_pane": true,
      "chipped.windowed_trapdoor": true,
      "chipped.tile_windowed_door": true,
      "chipped.golden_barred_trapdoor": true,
      "another_furniture.chair": true
    },
    "leaves_type": {}
  }
}